1	000-049	FAILED	farlou_chunked_v1_p000-049.md	./farlou_chunked_v1_p000-049_safe.tex:618: Unable to load picture or PDF file '
./farlou_chunked_v1_p000-049_safe.tex:618: Package graphics Error: Division by
./farlou_chunked_v1_p000-049_safe.tex:618: Package graphics Error: Division by
./farlou_chunked_v1_p000-049_safe.tex:746: Unable to load picture or PDF file '
./farlou_chunked_v1_p000-049_safe.tex:746: Package graphics Error: Division by
./farlou_chunked_v1_p000-049_safe.tex:746: Package graphics Error: Division by
./farlou_chunked_v1_p000-049_safe.tex:813: Unable to load picture or PDF file '
./farlou_chunked_v1_p000-049_safe.tex:813: Package graphics Error: Division by
./farlou_chunked_v1_p000-049_safe.tex:813: Package graphics Error: Division by
2	050-099	FAILED	farlou_chunked_v1_p050-099.md	./farlou_chunked_v1_p050-099_safe.tex:89: Unable to load picture or PDF file 'i
./farlou_chunked_v1_p050-099_safe.tex:89: Package graphics Error: Division by 0
./farlou_chunked_v1_p050-099_safe.tex:89: Package graphics Error: Division by 0
./farlou_chunked_v1_p050-099_safe.tex:93: Unable to load picture or PDF file 'i
./farlou_chunked_v1_p050-099_safe.tex:93: Package graphics Error: Division by 0
./farlou_chunked_v1_p050-099_safe.tex:93: Package graphics Error: Division by 0
3	100-149	FAILED	farlou_chunked_v1_p100-149.md	./farlou_chunked_v1_p100-149_safe.tex:88: Unable to load picture or PDF file 'i
./farlou_chunked_v1_p100-149_safe.tex:88: Package graphics Error: Division by 0
./farlou_chunked_v1_p100-149_safe.tex:88: Package graphics Error: Division by 0
./farlou_chunked_v1_p100-149_safe.tex:138: Unable to load picture or PDF file '
./farlou_chunked_v1_p100-149_safe.tex:138: Package graphics Error: Division by
./farlou_chunked_v1_p100-149_safe.tex:138: Package graphics Error: Division by
./farlou_chunked_v1_p100-149_safe.tex:178: Unable to load picture or PDF file '
./farlou_chunked_v1_p100-149_safe.tex:178: Package graphics Error: Division by
./farlou_chunked_v1_p100-149_safe.tex:178: Package graphics Error: Division by
./farlou_chunked_v1_p100-149_safe.tex:254: Unable to load picture or PDF file '
./farlou_chunked_v1_p100-149_safe.tex:254: Package graphics Error: Division by
./farlou_chunked_v1_p100-149_safe.tex:254: Package graphics Error: Division by
./farlou_chunked_v1_p100-149_safe.tex:489: Unable to load picture or PDF file '
./farlou_chunked_v1_p100-149_safe.tex:489: Package graphics Error: Division by
./farlou_chunked_v1_p100-149_safe.tex:489: Package graphics Error: Division by
4	150-199	FAILED	farlou_chunked_v1_p150-199.md	./farlou_chunked_v1_p150-199_safe.tex:103: Unable to load picture or PDF file '
./farlou_chunked_v1_p150-199_safe.tex:103: Package graphics Error: Division by
./farlou_chunked_v1_p150-199_safe.tex:103: Package graphics Error: Division by
5	200-249	FAILED	farlou_chunked_v1_p200-249.md	./farlou_chunked_v1_p200-249_safe.tex:81: Unable to load picture or PDF file 'i
./farlou_chunked_v1_p200-249_safe.tex:81: Package graphics Error: Division by 0
./farlou_chunked_v1_p200-249_safe.tex:81: Package graphics Error: Division by 0
6	250-299	FAILED	farlou_chunked_v1_p250-299.md	./farlou_chunked_v1_p250-299_safe.tex:98: Unable to load picture or PDF file 'i
./farlou_chunked_v1_p250-299_safe.tex:98: Package graphics Error: Division by 0
./farlou_chunked_v1_p250-299_safe.tex:98: Package graphics Error: Division by 0
7	300-349	FAILED	farlou_chunked_v1_p300-349.md	./farlou_chunked_v1_p300-349_safe.tex:101: Unable to load picture or PDF file '
./farlou_chunked_v1_p300-349_safe.tex:101: Package graphics Error: Division by
./farlou_chunked_v1_p300-349_safe.tex:101: Package graphics Error: Division by
./farlou_chunked_v1_p300-349_safe.tex:362: Unable to load picture or PDF file '
./farlou_chunked_v1_p300-349_safe.tex:362: Package graphics Error: Division by
./farlou_chunked_v1_p300-349_safe.tex:362: Package graphics Error: Division by
./farlou_chunked_v1_p300-349_safe.tex:367: Unable to load picture or PDF file '
./farlou_chunked_v1_p300-349_safe.tex:367: Package graphics Error: Division by
./farlou_chunked_v1_p300-349_safe.tex:367: Package graphics Error: Division by
./farlou_chunked_v1_p300-349_safe.tex:386: Unable to load picture or PDF file '
./farlou_chunked_v1_p300-349_safe.tex:386: Package graphics Error: Division by
./farlou_chunked_v1_p300-349_safe.tex:386: Package graphics Error: Division by
8	350-362	FAILED	farlou_chunked_v1_p350-362.md	./farlou_chunked_v1_p350-362_safe.tex:413: Unable to load picture or PDF file '
./farlou_chunked_v1_p350-362_safe.tex:413: Package graphics Error: Division by
./farlou_chunked_v1_p350-362_safe.tex:413: Package graphics Error: Division by
./farlou_chunked_v1_p350-362_safe.tex:483: Unable to load picture or PDF file '
./farlou_chunked_v1_p350-362_safe.tex:483: Package graphics Error: Division by
./farlou_chunked_v1_p350-362_safe.tex:483: Package graphics Error: Division by
./farlou_chunked_v1_p350-362_safe.tex:530: Unable to load picture or PDF file '
./farlou_chunked_v1_p350-362_safe.tex:530: Package graphics Error: Division by
./farlou_chunked_v1_p350-362_safe.tex:530: Package graphics Error: Division by
./farlou_chunked_v1_p350-362_safe.tex:544: Unable to load picture or PDF file '
./farlou_chunked_v1_p350-362_safe.tex:544: Package graphics Error: Division by
./farlou_chunked_v1_p350-362_safe.tex:544: Package graphics Error: Division by
./farlou_chunked_v1_p350-362_safe.tex:546: Unable to load picture or PDF file '
./farlou_chunked_v1_p350-362_safe.tex:546: Package graphics Error: Division by
./farlou_chunked_v1_p350-362_safe.tex:546: Package graphics Error: Division by
